City_ID,City,Country,Lat,Lng,Max Temp,Humidity,Cloudiness,Wind Speed,Current Description
0,Vaini,TO,-21.2,-175.2,80.76,89,75,10.36,light rain
1,Punta Arenas,CL,-53.15,-70.9167,50.11,57,90,11.5,overcast clouds
2,Saint-Philippe,RE,-21.3585,55.7679,81.95,81,94,3.67,light rain
3,Jamestown,US,42.097,-79.2353,31.32,93,90,6.91,light snow
4,Nizhniy Kuranakh,RU,58.8353,125.4869,2.66,90,99,6.87,overcast clouds
5,Bethel,US,41.3712,-73.414,34.16,55,20,5.75,few clouds
6,Hermanus,ZA,-34.4187,19.2345,65.16,88,98,13.69,light rain
7,Castro,BR,-24.7911,-50.0119,59.99,84,0,2.44,clear sky
8,Oberwart,AT,47.2897,16.206,32.18,97,100,5.59,light snow
9,Adrar,MR,20.5022,-10.0711,60.58,39,73,14.56,broken clouds
10,Qaanaaq,GL,77.484,-69.3632,-3.71,97,98,2.53,overcast clouds
11,Torbay,CA,47.6666,-52.7314,47.17,87,90,13.8,overcast clouds
12,Ahipara,NZ,-35.1667,173.1667,67.12,67,90,4.47,overcast clouds
13,Tiksi,RU,71.6872,128.8694,-8.45,97,100,6.42,overcast clouds
14,Hualmay,PE,-11.0964,-77.6139,65.14,89,100,9.37,overcast clouds
15,Albany,US,42.6001,-73.9662,26.47,73,53,5.1,broken clouds
16,Matara,LK,5.9485,80.5353,82.02,75,93,3.04,overcast clouds
17,Havoysund,NO,70.9963,24.6622,18.48,81,73,19.26,broken clouds
18,Upernavik,GL,72.7868,-56.1549,-3.23,86,27,10.4,scattered clouds
19,Rikitea,PF,-23.1203,-134.9692,76.39,79,74,16.4,broken clouds
20,Krasnoselkup,RU,65.7,82.4667,6.64,96,100,5.59,overcast clouds
21,Kapaa,US,22.0752,-159.319,75.18,73,1,8.05,clear sky
22,Severo-Kurilsk,RU,50.6789,156.125,30.2,70,89,28.61,overcast clouds
23,Provideniya,RU,64.3833,-173.3,-6.03,81,10,5.19,clear sky
24,Terney,RU,45.0503,136.6092,39.52,48,3,5.28,clear sky
25,Ventspils,LV,57.3894,21.5606,30.13,100,100,5.75,light snow
26,Cape Town,ZA,-33.9258,18.4232,63.01,100,90,10.36,light intensity drizzle rain
27,Haines Junction,CA,60.7522,-137.5108,-5.85,71,100,6.91,overcast clouds
28,Pitimbu,BR,-7.4706,-34.8086,75.79,70,80,9.26,broken clouds
29,Avarua,CK,-21.2078,-159.775,75.25,83,75,3.44,broken clouds
30,Hobart,AU,-42.8794,147.3294,64.26,63,20,18.41,few clouds
31,Mataura,NZ,-46.1927,168.8643,66.88,35,0,6.04,clear sky
32,Broken Hill,AU,-31.95,141.4333,74.91,39,58,14.41,broken clouds
33,Qaqortoq,GL,60.7167,-46.0333,39.7,100,100,5.53,light rain
34,Kota Kinabalu,MY,5.9749,116.0724,89.58,70,20,4.61,few clouds
35,Fairbanks,US,64.8378,-147.7164,-16.64,76,90,0.0,light snow
36,Chuy,UY,-33.6971,-53.4616,67.14,86,100,5.32,overcast clouds
37,Hasaki,JP,35.7333,140.8333,59.29,43,1,13.8,clear sky
38,Bathsheba,BB,13.2167,-59.5167,81.21,78,40,13.8,scattered clouds
39,Salalah,OM,17.0151,54.0924,82.49,30,0,4.61,clear sky
40,Lebu,CL,-37.6167,-73.65,50.47,76,0,16.26,clear sky
41,Burns Lake,CA,54.2331,-125.7533,27.82,97,91,3.42,overcast clouds
42,Vagur,FO,61.4732,-6.8119,36.91,61,99,9.6,overcast clouds
43,Bluff,NZ,-46.6,168.3333,55.63,55,3,4.25,clear sky
44,Lebowakgomo,ZA,-24.2,29.5,61.7,66,40,5.08,scattered clouds
45,Cartagena,CO,10.3997,-75.5144,78.42,94,0,3.44,clear sky
46,Arraial Do Cabo,BR,-22.9661,-42.0278,72.82,87,24,2.68,few clouds
47,Vestmannaeyjar,IS,63.4427,-20.2734,37.81,75,100,7.05,overcast clouds
48,Hithadhoo,MV,-0.6,73.0833,81.91,72,99,17.43,overcast clouds
49,Pisco,PE,-13.7,-76.2167,62.65,88,0,0.0,clear sky
50,Coquimbo,CL,-29.9533,-71.3436,56.93,88,0,2.3,clear sky
51,San Patricio,US,28.017,-97.5169,53.58,88,100,8.48,overcast clouds
52,Benguela,AO,-12.5763,13.4055,74.35,82,100,1.16,light rain
53,Beyneu,KZ,45.3167,55.2,32.92,48,39,12.62,scattered clouds
54,Prabumulih,ID,-3.45,104.25,88.54,53,98,0.94,light rain
55,Troyes,FR,48.3333,4.0833,39.25,93,90,14.97,light rain
56,Puerto Escondido,MX,15.85,-97.0667,77.18,62,61,4.5,broken clouds
57,Emba,KZ,48.8264,58.1442,22.57,75,95,9.8,overcast clouds
58,Yumbe,UG,3.4651,31.2469,69.13,82,93,3.4,overcast clouds
59,Berlevag,NO,70.8578,29.0864,10.35,67,0,9.22,clear sky
60,Takoradi,GH,4.8845,-1.7554,78.57,82,73,5.95,broken clouds
61,Geraldton,AU,-28.7667,114.6,88.21,30,0,12.66,clear sky
62,Carnarvon,AU,-24.8667,113.6333,89.67,48,0,14.97,clear sky
63,Orlik,RU,52.5178,99.825,6.62,77,97,3.96,overcast clouds
64,San Ramon De La Nueva Oran,AR,-23.1322,-64.326,73.27,95,94,2.24,overcast clouds
65,Fort Nelson,CA,58.8053,-122.7002,4.59,78,90,8.05,light snow
66,Esperance,AU,-33.8667,121.9,82.53,40,1,7.49,clear sky
67,Aksay,RU,47.26,39.87,42.78,95,69,7.83,broken clouds
68,Tuktoyaktuk,CA,69.4541,-133.0374,-9.4,77,90,21.85,light snow
69,Yinchuan,CN,38.4681,106.2731,42.17,32,26,2.35,scattered clouds
70,Sinnamary,GF,5.3833,-52.95,77.22,89,79,7.72,broken clouds
71,Saskylakh,RU,71.9167,114.0833,-4.68,93,99,10.07,overcast clouds
72,Fare,PF,-16.7,-151.0167,81.01,74,26,14.72,scattered clouds
73,Avera,US,33.194,-82.5271,48.07,44,99,6.64,overcast clouds
74,Victoria,HK,22.2855,114.1577,77.05,48,76,4.81,broken clouds
75,Port Alfred,ZA,-33.5906,26.891,70.66,62,51,8.7,broken clouds
76,Ushuaia,AR,-54.8,-68.3,49.66,57,75,18.41,light rain
77,Puerto Del Rosario,ES,28.5004,-13.8627,62.35,77,6,12.66,clear sky
78,Boyuibe,BO,-20.4167,-63.2833,70.84,85,81,6.89,broken clouds
79,Georgetown,MY,5.4112,100.3354,87.73,74,40,4.61,scattered clouds
80,Busselton,AU,-33.65,115.3333,84.15,38,71,14.0,broken clouds
81,Yuli,NG,9.6989,10.2744,70.88,23,93,6.08,overcast clouds
82,Krasnyy Chikoy,RU,50.3643,108.7512,17.13,66,13,3.36,few clouds
83,Port Elizabeth,ZA,-33.918,25.5701,71.89,56,0,6.91,clear sky
84,New Norfolk,AU,-42.7826,147.0587,63.9,42,1,5.61,clear sky
85,Aksu,CN,41.1231,80.2644,32.61,47,2,4.43,clear sky
86,Jumla,NP,29.2747,82.1838,57.33,20,0,5.55,clear sky
87,Kandrian,PG,-6.2167,149.55,86.56,63,83,9.19,broken clouds
88,Luancheng,CN,37.8792,114.6517,50.16,46,6,4.12,clear sky
89,Leningradskiy,RU,69.3833,178.4167,-20.47,91,21,10.02,few clouds
90,Saint-Pierre,RE,-21.3393,55.4781,82.04,88,75,14.97,thunderstorm
91,Joura,IN,26.3411,77.8115,74.64,37,3,7.45,clear sky
92,Formosa Do Rio Preto,BR,-11.0483,-45.1931,69.37,97,100,1.83,overcast clouds
93,Phan Thiet,VN,10.9333,108.1,84.16,72,100,10.65,overcast clouds
94,Bell Ville,AR,-32.6259,-62.6887,62.69,96,100,9.84,light rain
95,Urumqi,CN,43.801,87.6005,29.35,40,0,4.47,clear sky
96,Butaritari,KI,3.0707,172.7902,82.29,74,74,16.64,broken clouds
97,Hilo,US,19.7297,-155.09,73.13,83,90,0.0,light rain
98,Sechura,PE,-5.5569,-80.8222,66.31,80,75,9.51,broken clouds
99,Flinders,AU,-34.5833,150.8552,62.62,68,83,11.14,broken clouds
100,Rocha,UY,-34.4833,-54.3333,62.28,95,100,1.45,light rain
101,Cairns,AU,-16.9167,145.7667,85.95,74,47,6.91,light rain
102,Biryusinsk,RU,55.9634,97.8235,24.33,91,100,13.0,light snow
103,Fonte Boa,BR,-2.4959,-66.2662,73.24,95,88,2.13,overcast clouds
104,Faanui,PF,-16.4833,-151.75,81.01,75,41,13.85,scattered clouds
105,Tibagi,BR,-24.5094,-50.4136,63.07,89,0,1.52,clear sky
106,Puro,PH,12.4841,123.3827,83.7,74,100,10.07,overcast clouds
107,Preobrazheniye,RU,42.9019,133.9064,44.17,37,0,10.98,clear sky
108,East London,ZA,-33.0153,27.9116,68.94,77,0,5.75,clear sky
109,Kaitangata,NZ,-46.2817,169.8464,59.52,65,0,6.82,clear sky
110,Ancud,CL,-41.8697,-73.8203,49.53,85,33,4.61,scattered clouds
111,Saint George,US,37.1041,-113.5841,46.99,29,1,3.44,clear sky
112,Palmer,US,42.1584,-72.3287,29.01,59,1,5.75,clear sky
113,Katherine,AU,-14.4667,132.2667,98.92,22,40,8.05,scattered clouds
114,Petrinja,HR,45.4375,16.29,42.71,97,67,3.42,broken clouds
115,Cayenne,GF,4.9333,-52.3333,75.24,100,75,0.0,broken clouds
116,Kalyazin,RU,57.2403,37.8433,36.48,98,100,12.17,overcast clouds
117,Pangai,TO,-19.8,-174.35,80.76,78,99,18.57,light rain
118,Aklavik,CA,68.2191,-135.0107,-13.97,82,98,16.55,overcast clouds
119,Along,IN,28.1667,94.7667,74.95,34,0,1.03,clear sky
120,Gopalpur,IN,19.2667,84.9167,78.12,53,21,12.12,few clouds
121,Zhanaozen,KZ,43.3,52.8,37.22,34,4,10.27,clear sky
122,Asfi,MA,32.2994,-9.2372,60.51,63,96,15.39,overcast clouds
123,Khatanga,RU,71.9667,102.5,-8.32,96,100,12.37,overcast clouds
124,Groningen,NL,53.25,6.75,44.64,100,100,5.75,mist
125,Ostrovnoy,RU,68.0531,39.5131,7.05,94,83,7.72,broken clouds
126,Lira,UG,2.235,32.9097,67.68,83,89,3.38,overcast clouds
127,Pevek,RU,69.7008,170.3133,-12.64,84,13,3.0,few clouds
128,Talnakh,RU,69.4865,88.3972,-3.03,97,100,6.26,overcast clouds
129,Atuona,PF,-9.8,-139.0333,78.73,73,100,19.15,overcast clouds
130,Bardsir,IR,29.9227,56.5743,48.25,40,0,2.73,clear sky
131,Pimenta Bueno,BR,-11.6725,-61.1936,72.75,97,99,2.55,light rain
132,Mar Del Plata,AR,-38.0023,-57.5575,62.62,94,0,11.5,light rain
133,Kodiak,US,57.79,-152.4072,17.11,53,1,13.8,clear sky
134,Gazanjyk,TM,39.2446,55.5154,48.54,49,0,9.4,clear sky
135,Vao,NC,-22.6667,167.4833,75.45,85,94,17.27,moderate rain
136,Belen,TR,36.4891,36.2233,44.74,100,75,2.3,fog
137,Centralia,US,46.7162,-122.9543,62.06,100,90,10.36,overcast clouds
138,Honiara,SB,-9.4333,159.95,84.22,75,100,5.23,overcast clouds
139,Townsville,AU,-19.25,146.8,83.28,79,24,12.66,few clouds
140,Halifax,CA,44.6453,-63.5724,35.65,86,92,6.91,overcast clouds
141,Robertson,US,36.5167,-86.8667,46.38,56,40,6.91,scattered clouds
142,Balta Doamnei,RO,44.75,26.1667,37.38,84,68,4.12,broken clouds
143,Puerto Ayora,EC,-0.7393,-90.3518,68.43,81,92,7.52,overcast clouds
144,Auki,SB,-8.7676,160.7034,85.33,66,96,1.95,overcast clouds
145,Niono,ML,14.2526,-5.993,75.72,20,83,8.7,broken clouds
146,Eugene,US,44.0521,-123.0867,56.95,94,75,4.61,broken clouds
147,Mao,ES,39.8885,4.2658,43.36,87,20,0.0,few clouds
148,Grindavik,IS,63.8424,-22.4338,36.07,100,90,9.22,light intensity drizzle
149,Zhicheng,CN,30.2956,111.5047,62.28,34,8,3.22,clear sky
150,Rorvik,NO,64.8621,11.2373,27.64,76,9,13.65,clear sky
151,Alofi,NU,-19.0595,-169.9187,76.89,94,99,14.97,light rain
152,Luderitz,NA,-26.6481,15.1594,61.65,77,29,6.44,scattered clouds
153,Shenjiamen,CN,29.9576,122.298,63.43,68,99,16.51,overcast clouds
154,Impfondo,CG,1.6381,18.0667,71.35,81,83,1.23,broken clouds
155,Jupiter,US,26.9342,-80.0942,62.62,65,25,5.59,scattered clouds
156,Peterhead,GB,57.5058,-1.7981,34.2,75,99,14.76,light snow
157,Itaobim,BR,-16.5667,-41.8333,67.64,98,100,1.99,overcast clouds
158,Jalu,LY,29.0331,21.5482,70.52,37,54,6.78,broken clouds
159,Necochea,AR,-38.5473,-58.7368,59.85,96,100,10.16,light rain
160,Barrow,US,71.2906,-156.7887,-5.78,77,90,10.36,haze
161,Mazagao,BR,-0.115,-51.2894,77.05,97,73,2.62,broken clouds
162,Baiyin,CN,36.5583,104.2081,33.12,34,80,18.97,broken clouds
163,Nikolskoye,RU,59.7035,30.7861,28.29,93,100,10.69,light snow
164,Okhotsk,RU,59.3833,143.3,3.51,71,4,17.92,clear sky
165,Den Helder,NL,52.9599,4.7593,44.58,87,90,3.44,light rain
166,Kununurra,AU,-15.7667,128.7333,100.38,20,40,6.91,scattered clouds
167,Barra,BR,-11.0894,-43.1417,71.56,94,100,8.25,overcast clouds
168,Sao Paulo De Olivenca,BR,-3.3783,-68.8725,75.06,95,100,1.92,overcast clouds
169,Kavaratti,IN,10.5669,72.642,83.1,68,98,8.55,overcast clouds
170,Alyangula,AU,-13.8483,136.4192,89.47,51,90,9.22,thunderstorm
171,San Quintin,MX,30.4833,-115.95,60.94,70,0,2.1,clear sky
172,Souillac,MU,-20.5167,57.5167,84.58,58,20,10.36,few clouds
173,Hami,CN,42.8,93.45,27.81,56,23,5.39,few clouds
174,Bredasdorp,ZA,-34.5322,20.0403,67.15,76,88,16.42,overcast clouds
175,Dikson,RU,73.5069,80.5464,-13.85,97,100,9.48,overcast clouds
176,Kruisfontein,ZA,-34.0033,24.7314,68.34,56,26,9.78,scattered clouds
177,Ribeira Grande,PT,38.5167,-28.7,61.3,62,62,5.17,broken clouds
178,Quatre Cocos,MU,-20.2078,57.7625,84.31,62,1,9.51,clear sky
179,Tuatapere,NZ,-46.1333,167.6833,58.21,54,0,8.03,clear sky
180,Port Lincoln,AU,-34.7333,135.8667,68.58,54,1,8.9,clear sky
181,Altamont,US,42.2068,-121.7372,35.44,93,1,0.0,clear sky
182,Macklin,CA,52.3334,-109.9348,30.54,76,100,13.62,overcast clouds
183,Kavieng,PG,-2.5744,150.7967,84.99,65,83,3.96,light rain
184,Odweyne,SO,9.4092,45.064,74.93,35,43,12.75,scattered clouds
185,Cururupu,BR,-1.8283,-44.8683,75.78,91,60,2.86,broken clouds
186,Jinchang,CN,38.4953,102.1739,33.39,35,98,9.06,overcast clouds
187,Vadso,NO,70.0744,29.7487,-6.72,89,92,5.21,overcast clouds
188,Hay River,CA,60.8156,-115.7999,1.38,78,40,6.91,scattered clouds
189,Inhambane,MZ,-23.865,35.3833,73.24,56,4,7.25,clear sky
190,Bengkulu,ID,-3.8004,102.2655,82.8,69,100,5.28,overcast clouds
191,Beringovskiy,RU,63.05,179.3167,1.63,98,96,6.02,overcast clouds
192,Namibe,AO,-15.1961,12.1522,67.12,76,76,1.03,broken clouds
193,San Vicente,AR,-26.6167,-54.1333,61.0,93,20,3.02,few clouds
194,Yellowknife,CA,62.456,-114.3525,-17.88,76,1,8.05,clear sky
195,Beaverlodge,CA,55.2166,-119.4361,22.35,93,100,4.94,overcast clouds
196,Cidreira,BR,-30.1811,-50.2056,69.44,95,93,2.91,overcast clouds
197,Sayyan,YE,15.1718,44.3244,52.81,47,0,6.35,clear sky
198,Mildura,AU,-34.2,142.15,82.36,23,1,9.22,clear sky
199,Aksha,RU,50.2814,113.2867,18.21,56,100,13.73,overcast clouds
200,Sagarejo,GE,41.734,45.3315,41.43,63,95,2.93,overcast clouds
201,Norman Wells,CA,65.282,-126.8329,-32.76,68,20,2.3,few clouds
202,Celestun,MX,20.8667,-90.4,72.61,86,53,9.08,broken clouds
203,Morgan City,US,29.6994,-91.2068,55.4,100,90,0.0,overcast clouds
204,Ust-Kuyga,RU,70.0167,135.6,-3.44,99,100,1.95,overcast clouds
205,Santa Ana,US,33.7456,-117.8678,65.46,68,1,0.0,clear sky
206,Kalanguy,RU,51.0167,116.5167,16.45,70,100,5.61,overcast clouds
207,Doha,QA,25.2867,51.5333,76.98,66,0,11.5,clear sky
208,Witu,KE,-2.3889,40.4382,80.76,80,97,1.32,moderate rain
209,Tobermory,CA,45.2501,-81.6665,28.65,66,100,5.46,overcast clouds
210,Te Anau,NZ,-45.4167,167.7167,67.06,38,0,1.83,clear sky
211,Katsuura,JP,35.1333,140.3,59.11,39,0,10.71,clear sky
212,Ganzhou,CN,28.8184,115.4327,65.55,54,3,2.44,clear sky
213,Port-Gentil,GA,-0.7193,8.7815,78.6,83,99,3.8,overcast clouds
214,Magdagachi,RU,53.45,125.8,17.17,40,100,6.98,overcast clouds
215,Roswell,US,34.0232,-84.3616,47.98,68,1,3.44,clear sky
216,Luanda,AO,-8.8368,13.2343,75.2,94,75,8.05,broken clouds
217,Narsaq,GL,60.9167,-46.05,39.42,100,100,0.47,moderate rain
218,Qiryat Shemona,IL,33.2073,35.5721,62.96,43,54,5.3,broken clouds
219,Yaan,NG,7.3833,8.5667,72.97,91,92,4.7,overcast clouds
220,Imbituba,BR,-28.24,-48.6703,73.29,88,76,8.19,broken clouds
221,Kudahuvadhoo,MV,2.6708,72.8944,81.55,71,100,16.31,overcast clouds
222,Ribnica,SI,45.7386,14.7275,43.43,97,97,2.06,moderate rain
223,Letnyaya Stavka,RU,45.4306,43.4472,44.67,70,99,10.09,overcast clouds
224,Askos,GR,40.75,23.3833,41.22,91,25,1.7,scattered clouds
225,Manakara,MG,-22.1333,48.0167,67.86,77,100,7.83,overcast clouds
226,Venancio Aires,BR,-29.6064,-52.1919,65.41,99,64,2.06,broken clouds
227,Bailieborough,IE,53.9167,-6.9667,35.83,96,100,5.41,light rain
228,Saint Anthony,US,45.0205,-93.218,35.44,68,1,10.36,clear sky
229,Lagoa,PT,39.05,-27.9833,61.21,60,97,7.31,overcast clouds
230,Maniitsoq,GL,65.4167,-52.9,36.19,97,100,12.57,moderate rain
231,Gusinoye Ozero,RU,51.1144,106.2614,16.2,76,13,5.99,few clouds
232,Gorontalo,ID,0.5412,123.0595,85.44,77,70,3.36,broken clouds
233,High Level,CA,58.5169,-117.136,19.51,86,90,9.22,overcast clouds
234,Saldanha,ZA,-33.0117,17.9442,63.48,93,88,11.86,overcast clouds
235,Sakakah,SA,29.9697,40.2064,56.77,46,14,4.36,few clouds
236,Cabo San Lucas,MX,22.8909,-109.9124,72.7,77,100,8.08,overcast clouds
237,Chernyshevskiy,RU,63.0128,112.4714,0.16,94,100,7.29,overcast clouds
238,Abashiri,JP,44.0213,144.2697,41.29,65,40,8.05,scattered clouds
239,Coihaique,CL,-45.5752,-72.0662,48.15,66,75,4.61,broken clouds
240,Assiniboia,CA,49.6334,-105.9845,30.11,80,91,5.75,overcast clouds
241,Portsmouth,GB,50.799,-1.0913,34.57,73,48,21.39,scattered clouds
242,Gallup,US,35.5281,-108.7426,28.24,74,1,0.0,clear sky
243,Portobelo,PA,9.55,-79.65,73.81,87,97,7.7,overcast clouds
244,San Luis,AR,-33.295,-66.3356,56.95,89,81,6.46,broken clouds
245,Viedma,AR,-40.8135,-62.9967,60.37,86,100,5.61,overcast clouds
246,Oga,IT,46.4631,10.347,27.68,96,100,6.53,snow
247,Nanortalik,GL,60.1432,-45.2371,42.06,97,100,12.41,light rain
248,Bandarbeyla,SO,9.4942,50.8122,80.65,74,89,16.26,overcast clouds
249,Los Llanos De Aridane,ES,28.6585,-17.9182,60.55,63,75,12.66,broken clouds
250,De Aar,ZA,-30.6497,24.0123,59.94,55,3,13.22,clear sky
251,Sorland,NO,67.667,12.6934,34.81,72,100,13.65,light rain
252,Sisimiut,GL,66.9395,-53.6735,27.63,88,100,9.66,light snow
253,Praya,CV,14.9215,-23.5087,75.74,69,40,21.85,scattered clouds
254,Galesong,ID,-5.3166,119.3661,87.82,68,96,6.91,overcast clouds
255,Selikhino,RU,50.3672,137.4996,20.61,87,100,14.18,overcast clouds
256,Poum,NC,-20.2333,164.0167,80.55,76,16,11.86,few clouds
257,Lagos,NG,6.5833,3.75,79.12,93,88,1.03,overcast clouds
258,Beloha,MG,-25.1667,45.05,68.81,47,0,15.35,clear sky
259,Klaksvik,FO,62.2266,-6.589,27.52,62,97,5.19,overcast clouds
260,Iskenderun,TR,36.5872,36.1735,52.63,70,100,8.66,overcast clouds
261,Itoman,JP,26.1247,127.6694,73.42,53,75,18.41,broken clouds
262,Tasiilaq,GL,65.6145,-37.6368,26.76,93,100,6.46,snow
263,Puhja,EE,58.3419,26.3147,26.64,96,100,7.96,light snow
264,Dekar,BW,-21.5333,21.9333,73.33,58,47,9.64,light rain
265,Santa Rosa,PH,14.3122,121.1114,78.78,87,100,6.55,light rain
266,Bend,US,44.0582,-121.3153,58.86,67,1,17.27,clear sky
267,Chokurdakh,RU,70.6333,147.9167,-31.49,99,100,0.67,overcast clouds
268,Iqaluit,CA,63.7506,-68.5145,24.53,58,90,12.66,light snow
269,Tucurui,BR,-3.7661,-49.6725,73.92,95,93,3.13,overcast clouds
270,Zorritos,PE,-3.6805,-80.6782,72.54,77,95,5.79,overcast clouds
271,Baherden,TM,38.4362,57.4316,52.66,41,0,6.08,clear sky
272,Omsukchan,RU,62.5333,155.8,-19.43,97,63,4.5,broken clouds
273,Buala,SB,-8.145,159.5921,84.85,70,73,5.19,light rain
274,Worland,US,44.0169,-107.9554,31.48,69,1,0.0,clear sky
275,Pondicherry,IN,11.93,79.83,79.18,84,100,11.25,moderate rain
276,Bonfim,BR,3.0833,-59.95,76.8,82,80,5.06,broken clouds
277,Totma,RU,59.9747,42.7642,30.97,97,100,7.36,light snow
278,Mahebourg,MU,-20.4081,57.7,84.49,58,20,10.36,few clouds
279,Kloulklubed,PW,7.0419,134.2556,84.7,75,100,14.18,heavy intensity rain
280,Nyzhni Sirohozy,UA,46.8484,34.3804,45.97,93,3,5.82,clear sky
281,Thompson,CA,55.7435,-97.8558,17.76,79,90,9.22,light snow
282,Lavrentiya,RU,65.5833,-171.0,-10.98,94,6,7.25,clear sky
283,Yamada,JP,39.4667,141.95,48.29,47,49,10.38,scattered clouds
284,Shingu,JP,33.7333,135.9833,58.19,48,0,5.39,clear sky
285,Ponta Do Sol,PT,32.6667,-17.1,65.03,76,43,6.31,scattered clouds
286,Porto Murtinho,BR,-21.6989,-57.8825,82.87,62,0,9.04,clear sky
287,Rusape,ZW,-18.5278,32.1284,61.95,66,1,3.11,clear sky
288,Kiboga,UG,0.9161,31.7742,63.5,95,97,1.43,overcast clouds
289,Hohhot,CN,40.8106,111.6522,44.89,42,41,4.47,scattered clouds
290,Ambilobe,MG,-13.2,49.05,82.53,64,25,4.88,scattered clouds
291,Jensen Beach,US,27.2545,-80.2298,62.62,72,19,3.44,few clouds
292,Taywarah,AF,33.35,64.4167,34.09,57,73,2.91,broken clouds
293,Faya,SA,18.3851,42.4509,57.31,39,0,6.89,clear sky
294,Urucara,BR,-2.5364,-57.76,74.57,92,96,0.83,overcast clouds
295,Hearst,CA,49.6835,-83.6665,17.85,95,99,4.81,light snow
296,Malinovskiy,RU,61.1953,62.8397,20.59,98,100,4.16,overcast clouds
297,Upington,ZA,-28.4478,21.2561,62.98,55,0,3.44,clear sky
298,Paluan,PH,13.416,120.4623,83.55,75,95,10.96,overcast clouds
299,Pozo Colorado,PY,-23.4923,-58.7972,76.86,50,9,5.46,clear sky
300,Prieska,ZA,-29.6641,22.7474,62.11,58,47,6.2,scattered clouds
301,Semey,KZ,50.4111,80.2275,19.62,63,0,6.71,clear sky
302,Mamlyutka,KZ,54.9375,68.5394,12.22,91,96,10.49,overcast clouds
303,Portland,US,45.5234,-122.6762,64.38,82,90,10.36,overcast clouds
304,Visby,SE,57.6409,18.296,32.22,100,90,12.66,light snow
305,Akdepe,TM,42.0551,59.3788,32.09,35,35,6.87,scattered clouds
306,Mount Isa,AU,-20.7333,139.5,94.77,16,0,6.91,clear sky
307,Abaza,RU,52.655,90.0928,29.59,79,100,12.03,light snow
308,Guerrero Negro,MX,27.9769,-114.0611,65.66,70,0,8.03,clear sky
309,Voyvozh,RU,62.892,54.9635,16.56,95,100,7.25,light snow
310,Challapata,BO,-18.9,-66.7667,49.93,74,72,5.68,moderate rain
311,Srednekolymsk,RU,67.45,153.6833,-38.97,99,48,4.74,scattered clouds
312,Lorengau,PG,-2.0226,147.2712,86.16,65,100,7.38,overcast clouds
313,Saint-Leu,RE,-21.15,55.2833,81.43,80,92,2.68,light rain
314,Kilindoni,TZ,-7.9139,39.6668,80.1,80,93,18.52,light rain
315,Evensk,RU,61.95,159.2333,13.5,93,100,7.85,light snow
316,Soyo,AO,-6.1349,12.3689,76.3,89,94,3.69,overcast clouds
317,Airai,TL,-8.9266,125.4092,71.67,70,97,1.72,overcast clouds
318,San Juan,AR,-31.5375,-68.5364,65.21,51,12,17.38,few clouds
319,Son La,VN,21.3167,103.9,71.67,53,43,3.89,scattered clouds
320,Ouango,CF,4.3133,22.5552,68.16,63,91,2.8,overcast clouds
321,Kidal,ML,18.4411,1.4078,74.14,23,45,4.97,scattered clouds
322,Vardo,NO,70.3705,31.1107,23.0,78,29,12.12,scattered clouds
323,Padang,ID,-0.9492,100.3543,80.65,64,98,4.97,overcast clouds
324,Katangli,RU,51.7102,143.2326,28.17,65,44,11.43,scattered clouds
325,Wladyslawowo,PL,54.7909,18.4009,33.35,78,100,6.89,overcast clouds
326,Susanino,RU,58.1461,41.5872,33.67,98,100,10.02,snow
327,Dalvik,IS,65.9702,-18.5286,30.13,87,100,7.49,overcast clouds
328,Touros,BR,-5.1989,-35.4608,79.7,73,96,11.5,overcast clouds
329,Lasa,IT,46.6166,10.7002,35.06,95,100,6.78,moderate rain
330,Cordoba,AR,-31.4135,-64.1811,59.85,100,90,10.36,light rain
331,Lompoc,US,34.6391,-120.4579,53.91,69,1,5.75,clear sky
332,General Roca,AR,-39.0333,-67.5833,63.0,63,34,2.28,scattered clouds
333,Waycross,US,31.2136,-82.354,43.27,93,1,0.0,clear sky
334,Bilma,NE,18.6853,12.9164,70.63,20,78,6.85,broken clouds
335,Gat,IL,31.61,34.7642,54.28,36,11,3.98,few clouds
336,Nevelsk,RU,46.6733,141.8633,37.83,65,5,10.92,clear sky
337,Sao Filipe,CV,14.8961,-24.4956,76.78,73,82,11.01,broken clouds
338,Deputatskiy,RU,69.3,139.9,-8.75,97,100,5.19,overcast clouds
339,Bambous Virieux,MU,-20.3428,57.7575,84.45,58,20,10.36,few clouds
340,Uspenka,UA,48.3903,39.1619,46.29,95,96,9.78,overcast clouds
341,Wanlaweyn,SO,2.6185,44.8938,80.13,74,20,4.59,light rain
342,Paamiut,GL,61.994,-49.6678,36.99,96,100,12.64,light rain
343,Mabaruma,GY,8.2,-59.7833,72.73,99,99,1.99,overcast clouds
344,Nome,US,64.5011,-165.4064,-18.33,76,1,0.0,clear sky
345,Kuching,MY,1.55,110.3333,75.42,94,40,11.5,light intensity shower rain
346,Pangnirtung,CA,66.1451,-65.7125,17.33,75,100,7.72,overcast clouds
347,Kieta,PG,-6.2167,155.6333,82.49,76,100,4.63,overcast clouds
348,Eganville,CA,45.5334,-77.0994,16.93,76,11,3.4,few clouds
349,Talara,PE,-4.5772,-81.2719,66.56,84,89,12.48,overcast clouds
350,Waingapu,ID,-9.6567,120.2641,82.54,75,100,4.68,overcast clouds
351,Kalengwa,ZM,-13.4659,25.0027,66.36,77,93,6.85,overcast clouds
352,Barra Do Corda,BR,-5.5,-45.25,72.88,92,43,3.11,scattered clouds
353,Victor Harbor,AU,-35.5667,138.6167,73.49,55,0,11.05,clear sky
354,Maragogi,BR,-9.0122,-35.2225,79.72,69,100,9.91,overcast clouds
355,Kutum,SD,14.2,24.6667,61.07,25,2,7.16,clear sky
356,Arki,IN,31.15,76.9667,63.45,31,0,0.85,clear sky
357,Mataram,ID,-8.5833,116.1167,83.21,83,100,6.98,overcast clouds
358,Isangel,VU,-19.55,169.2667,82.51,78,75,9.22,broken clouds
359,Road Town,VG,18.4167,-64.6167,78.89,79,9,13.22,clear sky
360,Bagaces,CR,10.5271,-85.2548,73.33,85,43,7.49,scattered clouds
361,Tucupita,VE,9.0622,-62.051,72.86,99,58,2.68,broken clouds
362,Severo-Yeniseyskiy,RU,60.3725,93.0408,12.67,93,100,5.82,light snow
363,Adwa,ET,14.1646,38.8955,63.19,61,0,8.63,clear sky
364,Sitka,US,57.0531,-135.33,33.69,86,90,3.44,light rain
365,Mehamn,NO,71.0357,27.8492,10.31,88,48,12.24,scattered clouds
366,Chitipa,MW,-9.7024,33.2697,69.35,68,88,5.66,overcast clouds
367,Alihe,CN,50.5667,123.7167,20.64,74,100,2.98,overcast clouds
368,Tual,ID,-5.6667,132.75,82.08,75,100,7.36,overcast clouds
369,Sibu,MY,2.3,111.8167,89.91,66,40,6.91,scattered clouds
370,Baisha,CN,26.5222,110.9311,61.81,56,74,2.26,broken clouds
371,Ilulissat,GL,69.2167,-51.1,24.82,58,100,16.11,overcast clouds
372,Kalabo,ZM,-14.97,22.6814,68.04,80,57,6.2,broken clouds
373,Jingdezhen,CN,29.2947,117.2079,67.44,53,11,2.95,few clouds
374,Maceio,BR,-9.6658,-35.7353,78.24,88,20,4.61,few clouds
375,Pokrovsk,UA,48.282,37.1758,41.43,97,29,6.6,scattered clouds
376,Cockburn Town,TC,21.4612,-71.1419,77.16,74,41,10.45,scattered clouds
377,Maydolong,PH,11.4992,125.5011,82.22,82,86,9.51,overcast clouds
378,Egvekinot,RU,66.3167,-179.1667,-15.41,82,18,3.87,few clouds
379,Vinces,EC,-1.55,-79.7333,73.29,70,99,6.24,overcast clouds
380,Cacule,BR,-14.5033,-42.2222,67.77,97,100,1.32,moderate rain
381,Saurimo,AO,-9.6608,20.3916,64.8,98,100,1.66,moderate rain
382,Kishni,IN,27.0247,79.2634,72.66,38,0,4.32,clear sky
383,Yulara,AU,-25.2406,130.9889,85.84,14,0,11.5,clear sky
384,Mount Gambier,AU,-37.8333,140.7667,68.04,49,2,11.16,clear sky
385,Angoche,MZ,-16.2325,39.9086,78.51,56,97,12.41,overcast clouds
386,Wauconda,US,42.2589,-88.1393,33.31,57,16,10.8,few clouds
387,Sidney,AU,-33.8679,151.2073,65.64,63,75,18.41,broken clouds
388,Oksovskiy,RU,62.6062,39.8984,13.44,85,100,8.97,overcast clouds
389,Palauig,PH,15.435,119.9045,82.56,66,100,4.63,overcast clouds
390,Schwalbach,DE,49.3,6.8167,37.69,99,100,3.6,light snow
391,Longyearbyen,SJ,78.2186,15.6401,10.24,67,20,26.46,few clouds
392,Kosh-Agach,RU,50.0,88.6667,6.44,48,94,1.25,overcast clouds
393,Vila Velha,BR,-20.3297,-40.2925,73.35,83,0,9.22,clear sky
394,Aitape,PG,-3.1374,142.3475,87.17,64,64,6.62,broken clouds
395,Honjo,JP,36.2333,139.1833,58.69,25,0,10.83,clear sky
396,Tumbagaan,PH,5.3656,120.3139,84.0,68,100,2.1,overcast clouds
397,Sao Joao De Pirabas,BR,-0.7747,-47.1772,77.27,85,9,5.06,clear sky
398,Warrington,GB,53.3925,-2.5802,33.91,64,60,5.75,broken clouds
399,Highview,US,38.1428,-85.6241,47.46,57,1,6.91,clear sky
400,Port Augusta,AU,-32.5,137.7667,80.74,25,22,11.27,few clouds
401,Grand Gaube,MU,-20.0064,57.6608,84.6,67,2,11.01,clear sky
402,Chapais,CA,49.7834,-74.8492,17.38,91,100,12.68,overcast clouds
403,Axim,GH,4.8699,-2.2405,78.13,83,75,5.39,broken clouds
404,Nuristan,AF,35.3,70.8333,26.56,52,50,3.83,scattered clouds
405,Saint-Denis,FR,48.9167,2.3333,41.56,89,90,10.36,overcast clouds
406,Morondava,MG,-20.2833,44.2833,76.46,55,0,6.04,clear sky
407,La Ronge,CA,55.1001,-105.2842,16.05,73,90,1.14,overcast clouds
408,Maragheh,IR,37.3917,46.2398,43.07,42,40,9.22,scattered clouds
409,Torbat-E Jam,IR,35.244,60.6225,50.59,44,3,1.36,clear sky
410,Wewak,PG,-3.5534,143.6268,85.21,71,98,4.45,overcast clouds
411,Marawi,PH,7.9986,124.2928,78.51,78,100,6.93,light rain
412,Kupang,ID,-10.1667,123.5833,86.97,65,97,3.33,overcast clouds
413,Olafsvik,IS,64.8945,-23.7142,37.02,98,100,10.47,light rain
414,Honningsvag,NO,70.9821,25.9704,23.59,74,51,22.5,broken clouds
415,Zlutice,CZ,50.0919,13.163,31.1,85,99,2.71,overcast clouds
416,Batagay-Alyta,RU,67.8006,130.4114,-6.02,95,100,4.14,overcast clouds
417,Mandal,IN,25.45,74.5667,75.6,33,10,5.06,clear sky
418,Cap Malheureux,MU,-19.9842,57.6142,84.69,67,2,11.34,clear sky
419,Qianguo,CN,45.1171,124.8568,34.86,96,97,12.37,overcast clouds
420,Comodoro Rivadavia,AR,-45.8667,-67.5,60.66,29,0,18.41,clear sky
421,Lapithos,CY,35.3375,33.1792,56.08,73,62,10.29,broken clouds
422,Zitacuaro,MX,19.4372,-100.358,53.31,78,0,4.03,clear sky
423,Port Hardy,CA,50.6996,-127.4199,48.2,93,90,18.41,moderate rain
424,Ust-Maya,RU,60.4167,134.5333,5.97,88,100,7.76,overcast clouds
425,Buchanan,LR,5.8808,-10.0467,76.96,84,60,4.65,light rain
426,Plettenberg Bay,ZA,-34.0527,23.3716,68.2,60,32,6.2,scattered clouds
427,Podosinovets,RU,60.2776,47.0659,30.61,97,100,10.6,snow
428,Manggar,ID,-2.8833,108.2667,78.42,78,100,4.14,overcast clouds
429,Westport,US,41.1415,-73.3579,35.74,59,1,4.61,clear sky
430,Rancho Palos Verdes,US,33.7445,-118.387,62.38,72,3,2.17,clear sky
431,Nantucket,US,41.2835,-70.0995,33.91,47,1,11.5,clear sky
432,Nishihara,JP,26.1842,127.7558,72.68,53,75,18.41,broken clouds
433,Vestmanna,FO,62.1564,-7.1664,25.72,80,75,0.0,broken clouds
434,Thai Binh,VN,20.45,106.3333,78.8,43,84,4.16,broken clouds
435,Mashhad,IR,36.297,59.6062,50.14,66,0,0.0,clear sky
436,Nazret,ET,8.55,39.2667,65.64,63,0,10.69,clear sky
437,Laiyang,CN,36.9758,120.7136,55.83,57,100,10.63,overcast clouds
438,Bangui,CF,4.3612,18.555,71.78,94,20,0.0,few clouds
439,Brightwater,NZ,-41.3833,173.1167,59.11,93,100,1.28,overcast clouds
440,Tateyama,JP,34.9833,139.8667,59.02,38,0,12.93,clear sky
441,Mitu,CO,1.1983,-70.1733,71.51,99,99,2.13,overcast clouds
442,Kazachinskoye,RU,57.6953,93.2761,22.78,92,100,9.31,light snow
443,Sangar,RU,63.9242,127.4739,-6.11,98,100,5.3,overcast clouds
444,Pacifica,US,37.6138,-122.4869,58.6,67,20,0.0,few clouds
445,Quincy,US,42.2529,-71.0023,30.42,50,20,12.66,few clouds
446,Foso,GH,5.7012,-1.2866,72.52,98,68,2.57,broken clouds
447,Naryan-Mar,RU,67.6713,53.087,1.76,95,59,8.25,broken clouds
448,Atambua,ID,-9.1061,124.8925,83.68,66,99,3.4,overcast clouds
449,Mayumba,GA,-3.432,10.6554,75.27,88,98,3.87,overcast clouds
450,Bairnsdale,AU,-37.8333,147.6167,64.9,56,1,10.92,clear sky
451,Margate,GB,51.3813,1.3862,37.11,82,100,30.67,light rain
452,Ratnagiri,IN,16.9833,73.3,83.07,49,100,9.66,overcast clouds
453,Clyde River,CA,70.4692,-68.5914,-9.22,97,96,7.07,overcast clouds
454,Turukhansk,RU,65.8167,87.9833,4.66,94,100,12.48,light snow
455,Inuvik,CA,68.3499,-133.7218,-13.94,76,40,8.05,light snow
456,Oussouye,SN,12.485,-16.5469,75.29,49,0,8.25,clear sky
457,Tromso,NO,69.6496,18.957,19.42,68,0,17.27,clear sky
458,Collipulli,CL,-37.95,-72.4333,40.75,90,0,5.26,clear sky
459,Omachi,JP,36.5,137.8667,43.86,62,13,4.59,few clouds
460,Broome,US,42.2506,-75.833,27.37,74,90,4.61,overcast clouds
461,Tshikapa,CD,-6.4167,20.8,69.69,99,100,0.76,moderate rain
462,Dubbo,AU,-32.25,148.6167,69.93,60,40,14.97,light rain
463,Lata,PT,40.1629,-8.3327,36.01,87,7,3.38,clear sky
464,Fortuna,US,40.5982,-124.1573,50.34,93,49,2.91,scattered clouds
465,Tura,IN,25.5198,90.2201,74.86,46,55,1.25,broken clouds
466,Kuala Lipis,MY,4.1842,102.0468,88.16,60,100,2.04,overcast clouds
467,Narrabri,AU,-30.3167,149.7833,77.47,61,68,3.13,broken clouds
468,Kyabram,AU,-36.3167,145.05,79.56,25,4,3.71,clear sky
469,Puerto Leguizamo,CO,-0.1934,-74.7819,76.17,81,99,2.89,overcast clouds
470,Sishui,CN,35.6489,117.2758,54.79,60,100,8.75,overcast clouds
471,Biltine,TD,14.5333,20.9167,69.93,18,3,13.87,clear sky
472,Limoges,FR,45.75,1.3333,34.36,86,90,11.5,light rain and snow
473,Oistins,BB,13.0667,-59.5333,80.69,78,40,13.8,scattered clouds
474,Diamantino,BR,-14.4086,-56.4461,74.17,86,100,4.32,overcast clouds
475,Khanu Woralaksaburi,TH,16.0617,99.8606,81.61,63,88,4.72,overcast clouds
476,Diemen,NL,52.3416,4.9681,39.18,100,20,4.61,few clouds
477,Port Keats,AU,-14.25,129.55,92.91,46,45,11.03,light rain
478,Paratinga,BR,-12.6906,-43.1842,70.02,95,100,2.39,overcast clouds
479,Enumclaw,US,47.2043,-121.9915,60.03,90,100,10.98,overcast clouds
480,Yeppoon,AU,-23.1333,150.7333,78.58,74,20,12.08,few clouds
481,Hervey Bay,AU,-25.2986,152.8535,77.11,82,61,21.07,light rain
482,Praia Da Vitoria,PT,38.7333,-27.0667,59.25,82,75,5.73,broken clouds
483,Salym,RU,60.0625,71.4789,23.07,94,90,9.35,overcast clouds
484,Mago,RU,53.2514,140.1822,20.5,92,99,3.74,overcast clouds
485,Saint-Joseph,RE,-21.3667,55.6167,80.96,83,96,3.09,light rain
486,Mahajanga,MG,-15.7167,46.3167,84.22,70,40,6.91,moderate rain
487,Yuancheng,CN,36.652,107.7896,44.37,64,8,7.58,clear sky
488,Sa Kaeo,TH,13.75,102.3333,81.86,59,64,15.08,broken clouds
489,Wahpeton,US,46.2652,-96.6059,28.62,68,1,9.22,clear sky
490,Praia,CV,14.9215,-23.5087,75.74,69,40,21.85,scattered clouds
491,Starobachaty,RU,54.2425,86.2072,22.3,85,100,17.13,overcast clouds
492,Ngunguru,NZ,-35.6167,174.5,66.79,69,90,9.48,overcast clouds
493,Astana,KZ,51.1801,71.446,6.75,72,0,4.47,clear sky
494,Malanje,AO,-9.5402,16.341,64.44,99,100,2.46,light rain
495,Awbari,LY,26.5921,12.7805,69.26,26,100,15.23,overcast clouds
496,Potosi,BO,-19.5836,-65.7531,51.15,59,38,3.0,scattered clouds
497,Smidovich,RU,48.6,133.8167,17.26,92,66,5.12,broken clouds
498,Zhigansk,RU,66.7697,123.3711,-8.27,97,99,7.02,overcast clouds
499,Birnin Kebbi,NG,12.4539,4.1975,71.69,18,68,8.43,broken clouds
500,Kiunga,PG,-6.1219,141.2906,92.57,50,51,3.83,broken clouds
501,Korla,CN,41.7597,86.1469,31.78,78,94,10.47,overcast clouds
502,Mapiripan,CO,2.8892,-72.1256,73.63,93,99,2.68,overcast clouds
503,Severnyy-Kospashskiy,RU,59.0925,57.8008,23.22,89,100,10.42,overcast clouds
504,Tupik,RU,54.4253,119.9327,10.26,68,100,3.83,overcast clouds
505,Loa Janan,ID,-0.583,117.095,81.01,92,100,2.86,overcast clouds
506,Anori,BR,-3.7728,-61.6442,74.16,95,64,2.19,broken clouds
507,Villaviciosa,ES,43.4813,-5.4357,44.22,81,100,12.82,overcast clouds
508,Taltal,CL,-25.4,-70.4833,61.45,80,17,0.49,few clouds
509,Singkawang,ID,0.9,109.0,78.93,86,100,8.72,overcast clouds
510,Fomboni,KM,-12.28,43.7425,80.08,77,73,15.93,moderate rain
511,Paracuru,BR,-3.41,-39.0306,80.62,78,57,9.8,broken clouds
512,Amealco,MX,20.1833,-100.15,42.87,68,9,3.11,clear sky
513,Ust-Omchug,RU,61.15,149.6333,-15.21,83,100,1.43,overcast clouds
514,Fenelon Falls,CA,44.5334,-78.7496,27.01,72,96,2.28,overcast clouds
515,Marsh Harbour,BS,26.5412,-77.0636,71.74,66,13,6.58,few clouds
516,Tsabong,BW,-26.0217,22.401,71.28,60,0,9.33,clear sky
517,Sur,OM,22.5667,59.5289,80.73,40,10,3.49,clear sky
518,Kiama,AU,-34.6833,150.8667,62.89,67,78,12.08,broken clouds
519,Henties Bay,NA,-22.116,14.2845,58.82,85,0,4.0,clear sky
520,Cherskiy,RU,68.75,161.3,-23.73,92,24,2.15,few clouds
521,Lakhna,IN,26.65,79.15,73.2,38,2,5.17,clear sky
522,Hirara,JP,24.8,125.2833,73.26,73,75,19.57,broken clouds
523,Thinadhoo,MV,0.5333,72.9333,82.09,71,75,16.96,broken clouds
524,Boromo,BF,11.75,-2.9333,73.87,20,55,5.06,broken clouds
525,Muros,ES,42.7762,-9.0603,41.5,73,26,9.55,scattered clouds
526,Toguchin,RU,55.2353,84.3858,22.08,92,100,16.24,overcast clouds
527,Elko,US,41.0002,-115.5012,30.22,40,14,2.13,few clouds
528,Pochutla,MX,15.7432,-96.4661,72.99,72,42,3.4,scattered clouds
529,Ayan,RU,56.45,138.1667,17.62,57,98,18.92,overcast clouds
530,Walvis Bay,NA,-22.9575,14.5053,52.75,93,1,5.75,clear sky
531,Laguna,US,38.421,-121.4238,57.7,87,1,0.0,mist
532,Kalaleh,IR,37.3807,55.4916,53.2,66,0,0.0,clear sky
533,Torit,SS,4.4133,32.5678,78.87,55,85,3.13,overcast clouds
534,Orsha,BY,54.5153,30.4053,34.02,87,100,11.97,overcast clouds
535,Kiruna,SE,67.8557,20.2251,-17.48,76,100,3.44,overcast clouds
536,San Cristobal,VE,7.7669,-72.225,68.18,89,30,1.28,scattered clouds
537,Baykit,RU,61.67,96.37,5.02,95,100,2.21,overcast clouds
538,Veraval,IN,20.9,70.3667,81.45,45,96,6.73,overcast clouds
539,Sobolevo,RU,54.4299,31.8996,35.11,85,100,11.68,overcast clouds
540,Athabasca,CA,54.7169,-113.2854,28.81,84,96,7.23,overcast clouds
541,Xining,CN,36.6167,101.7667,34.23,49,98,7.94,overcast clouds
542,Golden,US,39.7555,-105.2211,39.02,45,40,8.05,scattered clouds
543,Gouyave,GD,12.1646,-61.7296,79.57,83,20,2.3,few clouds
544,Lakatoro,VU,-16.0999,167.4164,83.64,70,18,3.74,few clouds
545,Plouzane,FR,48.3833,-4.6167,42.85,87,75,8.05,light rain
546,Gimli,CA,50.6336,-96.9907,24.82,63,11,6.91,few clouds
547,Suamico,US,44.6319,-88.0393,32.77,74,90,5.75,overcast clouds
548,Yerbogachen,RU,61.2767,108.0108,6.85,91,100,7.67,overcast clouds
549,Areia Branca,BR,-4.9561,-37.1369,78.57,79,74,12.82,broken clouds
550,Marystown,CA,47.1666,-55.1483,47.14,79,66,18.77,broken clouds
551,Ojinaga,MX,29.5667,-104.4167,52.75,87,1,3.44,clear sky
552,Acarau,BR,-2.8856,-40.12,79.5,81,56,10.4,broken clouds
553,Pachino,IT,36.7186,15.0907,59.04,60,90,24.81,moderate rain
554,Palana,RU,59.1167,159.9667,5.47,94,100,7.34,overcast clouds
555,Emmett,US,43.8735,-116.4993,39.09,69,100,2.55,overcast clouds
556,Mandalgovi,MN,45.7625,106.2708,18.75,47,100,17.78,overcast clouds
557,Tefe,BR,-3.3542,-64.7114,73.15,98,67,1.25,broken clouds
558,Hamilton,US,39.1834,-84.5333,45.45,74,1,3.44,clear sky
559,Zhigalovo,RU,54.8097,105.1578,12.36,73,100,3.87,overcast clouds
560,Alakurtti,RU,66.9672,30.3491,-4.81,100,68,1.28,broken clouds
561,Garissa,KE,-0.4536,39.6401,75.63,82,100,6.2,light rain
562,Suez,EG,29.9737,32.5263,66.02,34,36,1.23,scattered clouds
563,Kulhudhuffushi,MV,6.6221,73.07,80.02,77,100,6.76,overcast clouds
564,Zyryanka,RU,65.75,150.85,-39.57,100,45,1.34,scattered clouds
565,Labytnangi,RU,66.6572,66.4183,-18.2,95,12,2.71,few clouds
566,Meulaboh,ID,4.1363,96.1285,80.58,85,91,11.86,moderate rain
567,Lazaro Cardenas,MX,17.9583,-102.2,74.03,84,3,4.99,clear sky
568,Bolu,TR,40.6667,31.5833,51.17,82,100,9.62,overcast clouds
569,Jalingo,NG,8.8833,11.3667,73.13,26,43,2.84,scattered clouds
570,The Valley,AI,18.217,-63.0578,78.66,72,3,12.48,clear sky
571,Banda Aceh,ID,5.5577,95.3222,78.49,85,99,7.18,light rain
572,Bima,ID,-8.4667,118.7167,77.88,91,100,2.89,light rain
573,Lumphat,KH,13.4878,106.9816,84.43,59,100,6.42,overcast clouds
574,Udachnyy,RU,66.4167,112.4,-18.27,95,97,4.23,overcast clouds
575,Terra Santa,BR,-2.1042,-56.4869,76.33,83,81,0.54,broken clouds
576,Kahului,US,20.8947,-156.47,75.22,73,90,11.5,overcast clouds
577,Zhaotong,CN,27.3167,103.7167,49.95,72,91,3.94,overcast clouds
578,Maanshan,CN,31.6957,118.4983,66.25,52,0,11.88,clear sky
579,Cape Canaveral,US,28.4058,-80.6048,60.78,88,1,5.75,clear sky
580,Harper,LR,4.375,-7.7169,79.05,84,32,6.64,scattered clouds
581,Palafrugell,ES,41.9174,3.1631,34.56,75,40,5.3,scattered clouds
582,Kenai,US,60.5544,-151.2583,5.05,85,90,0.0,mist
583,Vila Franca Do Campo,PT,37.7167,-25.4333,59.41,68,57,6.78,broken clouds
584,Yarada,IN,17.65,83.2667,79.12,65,90,9.22,haze
585,Umm Lajj,SA,25.0213,37.2685,79.84,45,4,3.06,clear sky
586,Ixtapa,MX,20.7,-105.2,70.48,87,96,3.0,overcast clouds
587,Farias Brito,BR,-6.9306,-39.5656,79.48,76,38,3.96,scattered clouds
588,Paita,PE,-5.0892,-81.1144,65.98,81,84,10.49,broken clouds
589,Hovd,MN,48.0056,91.6419,21.81,19,15,1.32,few clouds
590,Kokstad,ZA,-30.5472,29.4241,63.66,75,0,5.08,clear sky
591,Naze,JP,28.3667,129.4833,65.32,56,24,16.8,few clouds
592,Mayo,US,38.8876,-76.5119,42.78,60,90,3.44,overcast clouds
593,Keflavik,IS,64.0049,-22.5624,36.03,100,90,9.22,light intensity drizzle
594,Shache,CN,38.4167,77.2406,33.89,34,74,3.47,broken clouds
595,Surt,LY,31.2089,16.5887,72.03,45,99,12.64,overcast clouds
596,Anaconda,US,46.1285,-112.9423,40.19,78,88,7.02,overcast clouds
597,Stornoway,GB,58.2093,-6.3865,33.76,93,40,3.44,light rain
598,Flin Flon,CA,54.7682,-101.865,11.73,96,11,6.13,few clouds
599,Hibbing,US,47.4272,-92.9377,29.8,59,90,16.11,overcast clouds
600,Jati,PK,24.3539,68.2671,81.32,16,6,12.01,clear sky
601,Chiredzi,ZW,-21.05,31.6667,69.35,66,1,3.29,clear sky
602,Yendi,GH,9.4427,-0.0099,74.53,37,49,3.8,scattered clouds
603,Kaeo,NZ,-35.1,173.7833,67.59,66,85,6.46,overcast clouds
604,Xinqing,CN,48.2333,129.5,29.59,87,100,8.52,overcast clouds
605,Bara,NG,10.3744,10.7288,68.05,22,98,5.75,overcast clouds
606,La Peca,PE,-5.6111,-78.435,67.75,85,96,3.2,light rain
607,Bose,IT,45.4612,8.0137,35.19,71,95,2.68,overcast clouds
608,Maua,BR,-23.6678,-46.4614,66.49,80,75,2.35,broken clouds
609,Santa Leopoldina,BR,-20.1006,-40.5297,73.02,95,74,4.79,broken clouds
610,Gigmoto,PH,13.7796,124.39,80.53,87,100,10.58,overcast clouds
611,Manono,CD,-7.3,27.4167,70.92,87,59,2.91,broken clouds
612,Novyy Urengoy,RU,66.0833,76.6333,-3.44,100,89,8.25,overcast clouds
613,Jerantut,MY,3.936,102.3626,87.08,64,100,2.8,overcast clouds
614,Hofn,IS,64.2539,-15.2082,31.41,58,100,11.21,overcast clouds
615,Richards Bay,ZA,-28.783,32.0377,70.75,68,51,18.99,broken clouds
616,Sheridan,US,44.8333,-106.9173,35.78,80,1,0.0,clear sky
617,Mozarlandia,BR,-14.7447,-50.5706,74.35,90,93,4.05,light rain
618,Mirabad,AF,30.4362,61.8383,60.91,33,5,4.56,clear sky
619,Tsogni,GA,-2.7942,10.0988,75.33,89,99,3.69,overcast clouds
620,Slave Lake,CA,55.2834,-114.769,28.38,74,90,12.66,overcast clouds
621,Charters Towers,AU,-20.1,146.2667,87.82,44,63,13.76,broken clouds
622,Wencheng,CN,33.0559,113.7978,56.7,58,81,4.32,broken clouds
623,Whitehorse,CA,60.7161,-135.0538,3.97,85,90,5.75,light snow
624,Knysna,ZA,-34.0363,23.0471,70.18,58,33,6.08,scattered clouds
625,Constitucion,CL,-35.3333,-72.4167,51.46,82,0,8.81,clear sky
626,Qinzhou,CN,21.95,108.6167,76.5,38,77,10.51,broken clouds
627,Mandera,KE,3.9366,41.867,79.97,70,78,11.97,broken clouds
628,San Rafael,AR,-34.6177,-68.3301,58.17,70,18,3.04,few clouds
629,Petropavlovsk-Kamchatskiy,RU,53.0452,158.6483,19.99,53,0,6.71,clear sky
630,Matamoros,MX,25.5333,-103.25,55.4,59,98,2.08,overcast clouds
631,Voitsberg,AT,47.0333,15.15,31.51,99,100,1.88,light snow
632,Stepnyak,KZ,52.8339,70.7803,16.9,78,22,12.62,few clouds
633,Pimenteiras,BR,-6.2453,-41.4192,75.47,70,79,3.44,broken clouds
634,Marseille,FR,43.3333,5.5,38.71,67,5,17.22,clear sky
635,Buin,CL,-33.7333,-70.75,57.24,66,0,1.81,clear sky
636,Bezenchuk,RU,52.982,49.4333,31.06,90,100,15.68,overcast clouds
637,Dumai,ID,1.6833,101.45,84.65,69,100,4.0,overcast clouds
638,Tshela,CD,-4.9833,12.9333,69.96,99,98,1.25,overcast clouds
639,Harlingen,US,26.1906,-97.6961,55.31,87,90,14.97,overcast clouds
640,Chiang Khong,TH,20.2613,100.4046,77.32,47,32,0.87,scattered clouds
641,Bida,NG,9.0833,6.0167,72.55,35,86,0.56,overcast clouds
642,Lyuban,BY,52.7985,28.0048,31.21,89,78,5.32,broken clouds
643,Nokaneng,BW,-19.6667,22.2667,77.13,50,71,10.51,broken clouds
644,Lengshuitan,CN,26.4111,111.5956,61.27,51,90,2.8,overcast clouds
645,Riyadh,SA,24.6877,46.7219,66.25,32,0,5.75,clear sky
646,Ulaangom,MN,49.9811,92.0667,16.56,70,87,1.54,overcast clouds
647,Samarai,PG,-10.6167,150.6667,83.66,73,100,8.59,overcast clouds
648,Ulladulla,AU,-35.35,150.4667,62.15,64,77,9.93,broken clouds
649,Hambantota,LK,6.1241,81.1185,82.74,74,97,2.75,overcast clouds
650,Makarov,RU,48.6333,142.8,36.37,60,6,5.1,clear sky
651,Bud,US,39.447,-86.1758,42.89,83,32,10.02,scattered clouds
652,Bowen,AU,-20.0167,148.2333,83.82,65,37,10.2,scattered clouds
653,Bluffton,US,32.2371,-80.8604,44.67,87,1,0.0,clear sky
654,Camabatela,AO,-8.1881,15.375,62.37,99,100,1.63,light rain
655,Ardesen,TR,41.1911,40.9875,58.96,65,100,5.66,overcast clouds
656,Chamba,IN,32.5667,76.1333,65.7,26,14,4.74,few clouds
657,Goderich,CA,43.7501,-81.7165,26.92,93,100,5.75,light snow
658,Beira,MZ,-19.8436,34.8389,77.09,69,20,3.44,few clouds
659,Indapur,IN,18.3,73.25,82.96,44,80,4.16,broken clouds
660,Middletown,US,39.5151,-84.3983,45.34,76,1,5.75,clear sky
661,Kangaatsiaq,GL,68.3065,-53.4641,24.51,82,100,11.12,overcast clouds
662,Usta Muhammad,PK,28.1794,68.0445,76.35,15,0,1.9,clear sky
663,Irbeyskoye,RU,55.6428,95.4522,25.45,93,100,17.07,light snow
664,Roma,US,43.2128,-75.4557,31.86,86,90,0.0,overcast clouds
665,Yorii,JP,36.1167,139.2,58.32,26,0,10.49,clear sky
666,Brae,GB,60.3964,-1.353,30.11,62,99,15.95,light snow
667,Ballina,AU,-28.8667,153.5667,73.58,77,98,12.91,overcast clouds
668,Yichang,CN,30.7144,111.2847,63.5,30,7,3.04,clear sky
669,Liku,ID,-0.7275,119.8922,82.76,80,89,4.81,overcast clouds
670,Belmonte,BR,-15.8631,-38.8828,72.1,97,100,0.96,light rain
671,Tomari,RU,47.7658,142.0683,36.66,71,10,8.52,clear sky
672,Perth,AU,-31.9333,115.8333,91.58,42,0,13.8,clear sky
673,Eston,CA,51.1501,-108.7514,28.53,76,99,11.36,overcast clouds
674,Bonavista,CA,48.6499,-53.1147,41.0,82,100,15.97,overcast clouds
675,Codrington,AU,-38.2667,141.9667,64.0,62,0,14.56,clear sky
676,Dezhou,CN,37.4486,116.2925,55.17,57,100,11.3,overcast clouds
677,Maku,IR,39.2911,44.4521,44.13,60,100,4.68,overcast clouds
678,Skibbereen,IE,51.55,-9.2667,39.0,92,100,4.0,overcast clouds
679,Kimbe,PG,-5.5502,150.1429,84.47,71,56,3.94,light rain
680,Canala,NC,-21.5333,165.95,77.49,74,72,11.1,broken clouds
681,Karasjok,NO,69.4719,25.5112,1.51,100,100,1.9,overcast clouds
682,Yigou,CN,35.8114,114.3167,56.37,52,90,8.14,overcast clouds
683,Ampanihy,MG,-24.7,44.75,67.51,49,0,16.91,clear sky
684,Makokou,GA,0.5738,12.8642,67.14,99,95,1.32,overcast clouds
685,Sabancuy,MX,18.9667,-91.1833,72.86,80,20,5.7,few clouds
686,Regina,CA,50.4501,-104.6178,28.4,80,90,6.91,overcast clouds
687,Bronnoysund,NO,65.4625,12.1997,19.4,68,3,5.75,clear sky
688,Basco,PH,20.4487,121.9702,77.79,83,100,29.51,overcast clouds
689,Moerai,PF,-22.4333,-151.3333,77.83,83,100,14.07,light rain
690,Rundu,NA,-17.9333,19.7667,71.73,69,85,8.46,overcast clouds
691,Kuna,US,43.4918,-116.4201,37.96,88,1,4.61,clear sky
692,Sioux Lookout,CA,50.1001,-91.917,28.47,86,90,11.5,light snow
693,Torma,EE,58.8128,26.7383,26.35,95,100,9.37,snow
694,Ginda,IN,30.6945,78.4932,58.15,22,0,4.25,clear sky
695,Catuday,PH,16.2923,119.8062,84.16,63,74,12.53,broken clouds
696,Kibre Mengist,ET,5.8833,38.9833,60.66,88,69,3.65,broken clouds
697,Jizan,SA,17.3333,42.6667,83.34,58,0,0.96,clear sky
698,Tyrma,RU,50.0833,132.1667,20.39,84,100,0.76,overcast clouds
699,Wamba,NG,8.9333,8.6,70.07,26,74,2.57,broken clouds
700,Norton Shores,US,43.1689,-86.2639,30.38,86,90,3.44,overcast clouds
701,Lamu,KE,-2.2717,40.902,80.82,78,94,2.42,moderate rain
702,Hare Bay,CA,48.8499,-54.0148,43.95,79,100,13.67,overcast clouds
703,Marrakesh,MA,31.6315,-8.0083,44.67,76,40,2.3,scattered clouds
704,Itarema,BR,-2.9248,-39.9167,80.08,78,56,10.85,broken clouds
705,Orasac,BA,44.6289,16.0711,47.21,91,77,9.6,broken clouds
706,Pastavy,BY,55.1168,26.8326,33.01,96,100,9.06,overcast clouds
707,Puerto Morazan,NI,12.8504,-87.1717,76.21,80,92,3.0,overcast clouds
708,Sukhumi,GE,43.0033,41.0153,58.57,71,100,1.45,overcast clouds
709,Labuhan,ID,-6.8844,112.2051,81.0,72,100,6.17,light rain
710,Rafai,CF,4.95,23.9167,67.78,49,50,0.31,scattered clouds
711,Sharjah,AE,25.3573,55.4033,84.18,80,20,9.22,few clouds
712,Baruun-Urt,MN,46.6806,113.2792,19.47,81,79,10.13,broken clouds
713,Murgab,TM,37.4966,61.9714,40.87,70,0,4.61,clear sky
714,San Antonio Palopo,GT,14.7,-91.1167,57.38,94,83,5.61,broken clouds
715,Usevya,TZ,-7.1,31.2333,72.59,75,58,7.58,broken clouds
716,Oranjemund,NA,-28.55,16.4333,62.62,79,95,3.38,overcast clouds
717,Kombissiri,BF,12.0656,-1.3375,67.98,20,24,7.27,few clouds
718,Santa Cruz,BO,-17.8,-63.1667,74.66,88,75,10.36,broken clouds
